day,slope,intercept,resid_mean,resid_std,resid_min,resid_max
-2,0.001,9999.963591,0.0,1.123639,-6.475585,6.223023
-1,0.001,10999.947898,-0.0,1.259512,-6.906721,6.49752
0,0.001,11999.98428,0.0,1.33513,-7.468576,7.030941
