product,day,dominant_bin,dominant_period_samples,low_ratio,mid_ratio,high_ratio,trend_slope
ASH_COATED_OSMIUM,-2,4,2296.75,0.512051,0.282719,0.20523,
ASH_COATED_OSMIUM,-1,1,9225.0,0.378458,0.352203,0.269339,
ASH_COATED_OSMIUM,0,2,4616.0,0.628052,0.210548,0.1614,
INTARIAN_PEPPER_ROOT,-2,1,9216.0,0.206368,0.083168,0.710463,0.108221
INTARIAN_PEPPER_ROOT,-1,1,9219.0,0.307203,0.06889,0.623907,0.108075
INTARIAN_PEPPER_ROOT,0,2,4626.5,0.199614,0.04007,0.760316,0.107885
